cache_mode,batch_size,rows,mean_tokens_per_sec,median_latency_ms,max_peak_delta_gib,mean_kv_actual_over_theory
dynamic,1,1,135.74191755460208,58.9353690011194,0.01663827896118164,1.0
no_cache,1,1,93.28156112881976,85.76185800484382,0.006472110748291016,1.0
