gpu_label,batch_size,seq_len,max_new_tokens,dynamic_tokens_per_sec,quantized_tokens_per_sec,throughput_loss_ratio,dynamic_peak_delta_bytes,quantized_peak_delta_bytes,memory_saving_ratio,dynamic_peak_allocated_bytes,quantized_peak_allocated_bytes,quantized_backend,quantized_nbits
RTX 5060,2,2048,64,109.83014581706908,91.50431726471558,0.8331439113003033,423758336,305793536,0.7216224673866947,3512105472,3427695104,hqq,4.0
RTX 5060,2,4096,64,79.05411328545925,64.86238927981938,0.8204808906730194,780405248,611584512,0.7836755500649837,3902306816,3733486080,hqq,4.0
RTX 5060,2,8192,64,49.08773120697311,38.68142893716002,0.7880060452185895,1560807936,1223166464,0.7836751952547735,4682709504,4345068032,hqq,4.0
RTX 5060,4,2048,64,160.99163886619206,132.72088940217915,0.8243961632845411,780405248,611584512,0.7836755500649837,3902306816,3733486080,hqq,4.0
RTX 5060,4,4096,64,102.6164735143926,81.39514107920495,0.7931976055266484,1560807936,1223166464,0.7836751952547735,4682709504,4345068032,hqq,4.0
RTX 5060,4,8192,64,56.37850834746428,41.51607397361786,0.7363812060750471,3121613312,2446330368,0.7836750178492319,6243514880,5568231936,hqq,4.0
RTX 5060,8,2048,64,210.6100852577304,169.37159118399964,0.804195064907429,1560807936,1223166464,0.7836751952547735,4682709504,4345068032,hqq,4.0
RTX 5060,8,4096,64,119.43317102871656,88.67175251862795,0.7424382334896532,3121613312,2446330368,0.7836750178492319,6243514880,5568231936,hqq,4.0
