gpu_label,cache_mode,rows,mean_tokens_per_sec,median_latency_ms,max_peak_delta_gib,mean_gpu_util_pct,mean_memory_util_pct,mean_power_draw_w
RTX 5060,dynamic,14,157.54648383380086,1165.058519498416,0.726809024810791,88.38954081632653,55.28452380952381,115.19451360544217
RTX 5060,no_cache,14,10.457687203068007,24334.623576498416,0.5491290092468262,99.21211607439093,42.986528752952836,144.17173020683884
RTX 5060,quantized,14,132.37543647138253,1378.937973498978,0.569582462310791,91.30591630591631,55.164914450628736,116.9839624561946
RTX 5080,dynamic,19,252.93075909523932,699.7469430061756,2.907228946685791,,,
RTX 5080,no_cache,19,20.976999304225405,9646.576557002843,2.0735526084899902,,,
RTX 5080,quantized,19,181.12928594456045,695.1011969940737,2.278322696685791,,,
